{
  "names": [
    "bias",
    "CCE",
    "dCCE",
    "S",
    "B"
  ],
  "weights": [
    -0.03319405433360944,
    0.11829391904160591,
    0.1111066053232822,
    -0.0038277230458346892,
    0.0850327286513476
  ],
  "stderr": [
    0.3194229348009395,
    0.7328597896474471,
    0.8198672294529555,
    0.3198293393607569,
    0.4662154586683339
  ],
  "mu": [
    0.03681495518542954,
    0.014399258571268673,
    -0.002941178399773933,
    0.026273952294744017
  ],
  "sd": [
    0.17113456613141878,
    0.10577852112433389,
    0.004762016847997947,
    0.16106542869022905
  ]
}