{
  "names": [
    "bias",
    "C",
    "Ab",
    "Dv",
    "B",
    "dCCE",
    "S",
    "Dt"
  ],
  "weights": [
    0.002794852175891955,
    0.0,
    0.0,
    0.5117213935874207,
    0.0,
    0.0,
    0.0,
    0.0
  ],
  "stderr": [
    0.7242562639051585,
    1.4142135623730951,
    1.4142135623730951,
    0.738146750875873,
    1.4142135623730951,
    1.4142135623730951,
    1.4142135623730951,
    1.4142135623730951
  ],
  "mu": [
    0.0,
    0.5,
    0.2690763052208835,
    0.0,
    0.0,
    0.0,
    0.0
  ],
  "sigma": [
    1e-09,
    1e-09,
    0.3550073605278646,
    1e-09,
    1e-09,
    1e-09,
    1e-09
  ]
}