{
  "names": [
    "bias",
    "CCE",
    "dCCE",
    "S",
    "B"
  ],
  "weights": [
    -0.0023175707258139724,
    0.40890703657144023,
    0.1497255376317947,
    -0.38875092336041495,
    0.4560324216841818
  ],
  "stderr": [
    0.8040188159657997,
    1.108341102539214,
    0.8792415709240357,
    1.1114611240068624,
    1.1414872559135305
  ],
  "mu": [
    0.13360632619728854,
    0.042734169262755924,
    -0.0010153897768698458,
    0.5032189696390535
  ],
  "sd": [
    0.14679510107763674,
    0.11212659994067696,
    0.004703293430961424,
    0.5036846167995825
  ]
}