{
  "names": [
    "bias",
    "C",
    "Ab",
    "Dv",
    "B",
    "dCCE",
    "S",
    "Dt"
  ],
  "weights": [
    -0.0029887301551652003,
    0.0,
    0.0,
    0.6014097488932422,
    0.35462124568673675,
    0.0,
    0.02533397768053925,
    0.0
  ],
  "stderr": [
    0.7573489926291437,
    1.4142135623730951,
    1.4142135623730951,
    0.8663461796733744,
    0.9393381897092313,
    1.4142135623730951,
    0.8092847803557786,
    1.4142135623730951
  ],
  "mu": [
    0.0,
    0.5,
    0.4666666666666666,
    0.6666666666666666,
    0.0,
    0.6671208801368872,
    0.0
  ],
  "sd": [
    1e-09,
    1e-09,
    0.46785562925394003,
    0.4714045217910317,
    1e-09,
    0.0377423316626832,
    1e-09
  ]
}