{
  "names": [
    "bias",
    "CCE",
    "dCCE",
    "S",
    "B"
  ],
  "weights": [
    -0.005923880032315576,
    0.35236753092771833,
    -0.12636479809953935,
    -0.01338291366090625,
    0.4112684111987261
  ],
  "stderr": [
    0.7363919461389536,
    1.005663809300008,
    0.936427908207988,
    0.8391934784429536,
    0.9142431032534716
  ],
  "mu": [
    0.1787611557857295,
    0.06715020062064771,
    0.6661054903600173,
    0.6698856363057203
  ],
  "sd": [
    0.0842864942247643,
    0.10003861448487668,
    0.03860072921768003,
    0.4732184450512937
  ]
}