{
  "feature_names": [
    "bias",
    "CCE",
    "cce_raw",
    "cue_weight",
    "severity",
    "numeric",
    "pair_count"
  ],
  "weights": [
    0.27757801673703963,
    0.3061483170015685,
    0.29376659819044526,
    0.1116559026498404,
    0.10086598772628205,
    0.3423244454150924,
    0.34232444541509166
  ],
  "mean": [
    0.8043362832484391,
    0.7967836772670261,
    1.0914285714285694,
    1.1428571428571428,
    0.7142857142857143,
    1.7142857142857142
  ],
  "std": [
    0.25638251879720875,
    0.256361503345707,
    0.1138214816402406,
    1.3552628543578746,
    0.4517549514526258,
    0.4517549514526258
  ]
}