{
  "baseline": {
    "auc": 0.888888888888889,
    "confusion_matrix": [
      [
        3,
        0
      ],
      [
        3,
        0
      ]
    ],
    "counts": {
      "tp": 0,
      "fp": 0,
      "tn": 3,
      "fn": 3
    },
    "distressed_mean": 0.23362708881711433,
    "control_mean": 0.12876959960878662,
    "p_value": 0.2459841622635401
  },
  "logistic": {
    "auc": 0.7777777777777779,
    "confusion_matrix": [
      [
        3,
        0
      ],
      [
        3,
        0
      ]
    ],
    "counts": {
      "tp": 0,
      "fp": 0,
      "tn": 3,
      "fn": 3
    }
  }
}