{
  "analyze_ms_median": 1428.2677179999155,
  "sync_hunt_ms_median": 2937.5729950006644,
  "async_hunt_ms_median": 3101.374466999914
}