{
  "analyze_ms_median": 1376.4805639984843,
  "sync_hunt_ms_median": 2924.958357001742,
  "async_hunt_ms_median": 2985.938157002238
}