{
  "analyze_ms_median": 441.72558600007505,
  "sync_hunt_ms_median": 954.5266679999713,
  "async_hunt_ms_median": 953.4361030000582
}
