{
  "analyze_ms_median": 1380.547219001528,
  "sync_hunt_ms_median": 2916.748206998818,
  "async_hunt_ms_median": 2789.101110000047
}