{
  "analyze_ms_median": 1480.9570979996352,
  "sync_hunt_ms_median": 3035.710153000764,
  "async_hunt_ms_median": 3034.527619000073
}