{
  "baseline": {
    "auc": 1.0,
    "distressed_mean": 0.960736258340349,
    "control_mean": 0.4133363455186634,
    "p_value": 0.0,
    "counts": {
      "tp": 90,
      "fp": 0,
      "tn": 36,
      "fn": 0
    },
    "confusion_matrix": [
      [
        36,
        0
      ],
      [
        0,
        90
      ]
    ]
  },
  "logistic": {
    "auc": 1.0,
    "counts": {
      "tp": 90,
      "fp": 0,
      "tn": 36,
      "fn": 0
    },
    "confusion_matrix": [
      [
        36,
        0
      ],
      [
        0,
        90
      ]
    ]
  },
  "delta": {
    "auc": 0.9314814814814815
  },
  "logistic_model": {
    "feature_names": [
      "bias",
      "CCE",
      "cce_raw",
      "cue_weight",
      "severity",
      "numeric",
      "pair_count"
    ],
    "weights": [
      0.27757801673703963,
      0.3061483170015685,
      0.29376659819044526,
      0.1116559026498404,
      0.10086598772628205,
      0.3423244454150924,
      0.34232444541509166
    ],
    "mean": [
      0.8043362832484391,
      0.7967836772670261,
      1.0914285714285694,
      1.1428571428571428,
      0.7142857142857143,
      1.7142857142857142
    ],
    "std": [
      0.25638251879720875,
      0.256361503345707,
      0.1138214816402406,
      1.3552628543578746,
      0.4517549514526258,
      0.4517549514526258
    ]
  },
  "evidence_density": {
    "avg_pairs_distressed": 2.0,
    "avg_pairs_control": 1.0,
    "min_pairs_distressed": 2.0
  },
  "false_positives_ig": {
    "count": 0,
    "total": 36,
    "rate": 0.0
  },
  "pass_fail": {
    "auc": true,
    "p_value": true,
    "fp_rate": true,
    "pair_density": true,
    "verdict": "PROMISING"
  }
}